data_folder,acc,measure1,measure2,t1,t2
ROSMAP,0.8773584905660378,0.8073394495412844,0.8019607843137255,0.052730848484848485,0.10244130702020204
BRCA,0.8783269961977186,0.8065905822562395,0.7774021918595325,0.015847373737373736,0.09898550187878788
LGG,0.8627450980392157,0.8322147651006712,0.8383510092370852,0.0,0.050267941555555556
KIPAN,1.0,0.9797774100943248,0.9848966950914259,0.0,0.10031043024444443
